antecedents,consequents,support,confidence,lift
TensorFlow,Python,0.0869,0.4261196469434456,1.4284936203266698
Python,TensorFlow,0.0869,0.2913174656386188,1.4284936203266696
PyTorch,SQL,0.04976666666666667,0.2662268188302425,1.154496178795501
SQL,PyTorch,0.04976666666666667,0.21581381902283897,1.1544961787955008
